﻿Feature_Name,Feature_Importance
parcel_lag_24,12.22291364384232
parcel_lag_48,11.211671152889563
wtRainfall_168_mean,10.054908822586494
wtTemp_lag_119,9.747896860577148
parcel_trend_1_1_24_24,8.597205531331241
parcel_lag_120,5.601428028734019
wtTemp_lag_95,4.656694184013939
wtHumi_168_min,4.571950504171979
wtTemp_lag_71,3.590480994726957
wtHumi_lag_1,3.556824633413947
parcel_lag_72,2.8622865413341727
parcel_168_std,2.8076048522857424
parcel_24_mean,2.722966642465283
parcel_lag_168,2.220533897245272
parcel_lag_1,2.216561663079449
wtHumi_lag_119,1.831106813094139
parcel_trend_1_24_25_168,1.7720072981575294
parcel_lag_96,1.7623322397703391
parcel_lag_169,1.2399589645314617
wtTemp_lag_23,1.1516590775796323
wtTemp_lag_96,1.131904459989642
wtHumi_lag_2,1.074397989280005
wtRainfall_168_max,0.9709910556719434
wtTemp_lag_143,0.877295095225877
parcel_24_max,0.49352454958161
parcel_lag_143,0.40152111373600763
wtTemp_lag_167,0.19256970840793944
wtHumi_lag_72,0.15827356965761646
wtHumi_lag_71,0.1579175588677889
parcel_lag_6,0.1426125537509525
hour,0.0
wtRainfall_168_std,0.0
parcel_trend_1_24_145_168,0.0
wtHumi_lag_168,0.0
parcel_lag_167,0.0
