﻿Feature_Name,Feature_Importance
wtHumi_lag_143,83
parcel_lag_1,64
wtHumi_lag_119,64
wtHumi_lag_95,63
parcel_lag_120,63
parcel_lag_144,58
wtHumi_lag_71,52
parcel_lag_73,50
wtHumi_lag_121,48
wtHumi_lag_47,47
wtHumi_lag_23,47
wtHumi_lag_48,46
wtHumi_lag_169,45
wtHumi_lag_167,42
wtHumi,41
wtHumi_lag_96,40
wtHumi_168_std,40
wtHumi_lag_144,39
wtTemp_lag_168,37
wtHumi_lag_72,36
wtHumi_lag_120,35
parcel_trend_1_24_25_168,34
wtHumi_lag_24,33
hour,33
wtHumi_lag_49,32
wtHumi_lag_3,32
wtHumi_lag_145,32
parcel_trend_1_1_24_24,31
parcel_lag_143,31
wtHumi_lag_168,31
parcel_lag_48,29
wtTemp_lag_143,28
parcel_lag_3,28
wtTemp_lag_145,28
parcel_lag_169,28
wtHumi_lag_7,27
wtHumi_lag_97,27
parcel_lag_2,27
wtTemp_lag_71,26
wtTemp_lag_95,26
wtHumi_lag_2,25
parcel_168_std,24
parcel_lag_95,24
wtHumi_lag_5,23
wtTemp_lag_119,23
parcel_lag_119,22
parcel_lag_24,21
wtTemp_lag_144,21
parcel_lag_23,19
parcel_lag_145,19
wtTemp_168_mean,18
wtHumi_lag_1,17
wtHumi_lag_25,14
parcel_lag_49,14
parcel_lag_96,13
parcel_lag_72,12
parcel_lag_168,12
parcel_lag_121,11
parcel_lag_47,10
parcel_lag_25,9
