﻿Feature_Name,Feature_Importance
wtHumi_lag_168,54
parcel_lag_4,52
wtHumi_lag_96,50
parcel_lag_48,48
wtHumi_lag_144,47
wtHumi_lag_143,41
parcel_lag_7,38
wtHumi_lag_2,37
wtHumi_lag_25,36
wtHumi_lag_72,36
parcel_lag_23,36
parcel_lag_120,35
parcel_trend_1_24_25_48,35
parcel_lag_95,34
wtHumi_lag_95,34
parcel_lag_119,33
parcel_lag_72,33
wtHumi_lag_169,33
parcel_trend_1_1_24_24,33
parcel_lag_168,32
wtHumi_lag_71,32
wtHumi,32
wtHumi_lag_121,32
parcel_24_std,32
wtHumi_lag_73,31
parcel_lag_145,31
wtHumi_lag_23,31
wtHumi_lag_97,31
parcel_lag_96,30
wtHumi_lag_120,30
parcel_lag_143,30
wtHumi_lag_48,30
wtHumi_168_std,30
wtHumi_lag_49,29
wtHumi_lag_167,28
parcel_trend_1_24_25_168,28
parcel_lag_167,27
wtHumi_lag_6,27
parcel_trend_1_24_145_168,27
parcel_trend_1_1_2_2,26
parcel_lag_1,26
wtTemp_lag_143,26
wtHumi_lag_47,25
wtTemp_lag_48,25
wtHumi_lag_4,24
parcel_lag_3,23
parcel_lag_5,22
wtHumi_lag_7,22
wtHumi_lag_3,21
wtTemp_168_std,21
parcel_lag_24,20
wtTemp_lag_95,20
wtTemp_lag_71,19
parcel_24_mean,19
wtTemp_lag_119,18
parcel_lag_144,18
wtHumi_lag_145,18
parcel_lag_97,18
parcel_lag_121,17
parcel_lag_6,17
wtTemp_lag_96,16
wtTemp_lag_24,15
parcel_lag_71,15
wtTemp_24_std,14
parcel_168_mean,13
parcel_lag_47,9
