﻿Feature_Name,Feature_Importance
wtHumi_lag_167,53
parcel_trend_1_1_24_24,43
parcel_lag_72,41
wtHumi_lag_143,36
parcel_lag_48,36
parcel_lag_96,35
wtHumi_lag_48,31
wtHumi_lag_47,30
wtHumi_lag_23,29
wtHumi_168_std,29
parcel_lag_24,28
parcel_trend_1_24_25_168,28
parcel_lag_120,25
wtHumi_lag_95,25
wtHumi_lag_71,23
parcel_trend_1_24_145_168,23
parcel_lag_144,18
wtHumi_lag_96,18
wtTemp_lag_97,16
parcel_lag_25,16
wtTemp_lag_47,15
parcel_lag_168,14
wtHumi_168_mean,14
parcel_168_mean,13
wtTemp_168_mean,13
wtTemp_lag_95,13
parcel_lag_143,13
parcel_168_std,12
wtTemp_lag_143,12
wtHumi_lag_145,12
wtTemp_lag_119,12
wtTemp_lag_71,11
wtHumi_lag_121,11
parcel_lag_145,10
parcel_lag_47,10
wtHumi_lag_168,9
parcel_lag_95,9
wtTemp_lag_73,8
wtHumi_24_mean,8
parcel_trend_1_24_25_48,8
parcel_lag_97,8
wtHumi_lag_5,7
wtTemp_168_max,7
wtTemp_lag_25,7
wtHumi_lag_169,7
wtHumi_lag_6,7
wtTemp_lag_167,6
wtHumi_lag_120,6
wtHumi_lag_72,6
wtTemp_lag_6,6
wtHumi_lag_24,5
wtHumi_lag_119,5
wtHumi_lag_1,5
wtTemp_24_std,5
wtHumi_lag_25,5
wtHumi_lag_73,5
wtTemp_lag_96,5
parcel_lag_23,5
wtTemp_lag_72,5
parcel_24_std,4
wtHumi,4
hour,4
parcel_lag_71,4
wtTemp_lag_23,4
parcel_lag_121,4
wtRainfall_168_mean,3
wtHumi_lag_144,3
wtHumi_lag_97,0
