﻿Feature_Name,Feature_Importance
wtHumi_lag_48,61
parcel_lag_96,56
wtHumi,47
wtHumi_lag_24,47
parcel_lag_24,46
parcel_lag_73,46
parcel_lag_48,44
parcel_lag_25,42
parcel_lag_49,37
wtHumi_lag_49,37
parcel_lag_145,34
wtHumi_lag_72,32
wtHumi_lag_143,30
parcel_lag_1,30
wtTemp_lag_72,30
parcel_lag_72,27
parcel_trend_1_1_2_2,26
wtHumi_lag_97,26
parcel_lag_23,24
wtHumi_lag_73,24
parcel_trend_1_1_24_24,24
parcel_lag_169,22
wtHumi_lag_119,21
wtHumi_lag_167,21
wtHumi_lag_169,20
wtHumi_lag_71,20
wtHumi_lag_168,20
parcel_lag_144,18
wtHumi_lag_145,17
wtHumi_lag_121,17
parcel_lag_168,15
wtHumi_lag_25,15
parcel_lag_2,15
wtTemp_lag_49,15
wtTemp_24_std,14
wtHumi_lag_7,13
parcel_lag_47,12
parcel_lag_167,11
parcel_168_std,11
wtHumi_lag_2,10
wtTemp_lag_167,10
wtHumi_24_std,10
wtTemp_lag_121,10
parcel_trend_1_24_25_48,9
wtHumi_168_std,9
parcel_lag_4,8
wtTemp_168_mean,7
wtHumi_24_mean,6
wtHumi_lag_6,5
wtTemp_168_max,3
parcel_168_mean,2
