﻿Feature_Name,Feature_Importance
wtHumi_lag_144,79
hour,71
parcel_lag_72,53
wtHumi_lag_143,50
wtTemp_168_std,49
parcel_lag_96,46
wtHumi_lag_47,46
parcel_lag_1,43
parcel_lag_168,42
parcel_lag_24,42
wtHumi_lag_119,39
parcel_trend_1_1_24_24,38
wtHumi_lag_95,35
parcel_lag_47,35
parcel_168_mean,34
parcel_lag_169,33
wtHumi_lag_3,32
parcel_lag_97,31
parcel_lag_144,31
parcel_lag_71,29
parcel_lag_145,29
wtHumi_168_mean,28
parcel_lag_120,27
wtHumi_lag_23,26
parcel_lag_48,26
wtHumi_lag_167,25
parcel_lag_143,24
parcel_trend_1_1_2_2,23
parcel_lag_2,21
parcel_24_std,21
wtHumi_lag_72,20
wtHumi,19
wtHumi_lag_120,18
wtHumi_lag_71,17
wtHumi_168_std,17
wtHumi_lag_2,17
parcel_lag_121,16
parcel_trend_1_24_145_168,15
wtHumi_lag_168,15
wtHumi_lag_24,14
wtHumi_lag_96,14
wtHumi_24_std,14
wtHumi_lag_73,12
wtTemp_lag_119,12
wtTemp_lag_25,12
wtTemp_lag_95,11
wtHumi_lag_169,11
wtTemp_168_mean,10
wtHumi_lag_25,10
wtTemp_24_std,10
wtTemp_lag_167,9
wtTemp_lag_120,8
parcel_lag_5,8
wtHumi_lag_97,7
wtHumi_24_mean,6
is_weekend,5
wtHumi_lag_121,5
wtHumi_lag_7,3
