﻿Feature_Name,Feature_Importance
parcel_lag_72,30
parcel_lag_96,27
parcel_lag_48,22
parcel_168_std,22
parcel_lag_120,20
parcel_lag_168,20
parcel_lag_144,19
parcel_lag_24,19
wtHumi_lag_167,18
parcel_lag_47,18
parcel_lag_71,18
parcel_lag_23,18
wtHumi_lag_143,18
parcel_lag_121,17
parcel_lag_73,15
wtHumi_lag_169,15
hour,14
wtHumi_lag_119,13
parcel_lag_5,13
parcel_lag_119,13
wtHumi_lag_48,13
wtHumi_lag_24,13
parcel_168_mean,13
parcel_lag_4,13
parcel_trend_1_24_25_168,12
wtHumi_lag_97,12
wtTemp_168_mean,12
wtHumi_lag_49,11
wtHumi_lag_6,11
parcel_trend_1_1_2_2,11
wtTemp_lag_71,11
wtTemp_lag_95,11
parcel_trend_1_1_24_24,10
wtHumi_lag_95,10
wtHumi_lag_168,10
parcel_lag_95,10
wtHumi_lag_121,10
parcel_lag_97,10
parcel_lag_49,10
parcel_lag_6,9
wtHumi_lag_144,9
wtHumi_168_std,9
wtHumi_lag_71,8
wtHumi_lag_47,8
parcel_lag_25,8
parcel_lag_143,8
parcel_24_std,8
parcel_trend_1_24_145_168,8
parcel_lag_145,7
parcel_lag_1,7
wtHumi_lag_145,7
parcel_lag_7,6
wtTemp_lag_143,6
wtHumi_lag_96,6
wtHumi_lag_120,4
parcel_lag_169,3
parcel_lag_167,3
wtHumi_168_mean,3
wtHumi_lag_23,3
wtTemp_lag_47,2
