﻿Feature_Name,Feature_Importance
wtHumi_lag_120,89
parcel_lag_48,75
parcel_lag_144,71
wtHumi_lag_96,69
wtHumi_lag_144,67
wtHumi_lag_121,67
parcel_lag_24,65
wtHumi_lag_168,63
wtHumi,58
wtHumi_lag_71,57
wtTemp_lag_145,56
wtHumi_lag_25,55
wtHumi_lag_169,52
wtHumi_lag_119,51
parcel_lag_120,48
parcel_lag_96,47
wtHumi_lag_24,42
wtHumi_lag_95,41
parcel_lag_121,41
wtHumi_lag_97,41
parcel_trend_1_1_24_24,40
parcel_lag_168,39
wtHumi_lag_167,39
wtHumi_lag_73,39
wtHumi_lag_23,35
wtTemp_lag_144,33
parcel_lag_4,33
wtHumi_lag_143,33
wtHumi_24_std,33
parcel_168_mean,33
wtTemp_lag_169,32
wtHumi_lag_2,31
wtTemp_lag_25,28
parcel_lag_49,28
parcel_lag_72,27
parcel_lag_47,24
wtTemp_lag_167,24
wtTemp_lag_73,24
parcel_lag_23,20
wtTemp_lag_2,20
wtTemp_lag_1,18
parcel_lag_25,18
hour,18
parcel_lag_71,18
wtTemp_lag_72,17
parcel_lag_6,17
