﻿Feature_Name,Feature_Importance
parcel_lag_24,63
wtHumi_lag_121,63
wtHumi_lag_24,59
parcel_24_std,57
parcel_lag_48,51
parcel_168_mean,49
parcel_lag_73,49
wtHumi_lag_169,48
wtHumi_lag_144,48
wtHumi_lag_167,47
wtTemp_24_std,46
wtHumi_lag_47,45
parcel_trend_1_1_2_2,43
wtHumi_lag_48,41
wtHumi_lag_119,40
parcel_lag_1,40
parcel_lag_169,38
wtHumi_lag_96,38
parcel_lag_96,38
wtTemp_168_mean,38
parcel_lag_25,37
wtHumi_lag_23,36
wtHumi_lag_73,36
wtHumi_lag_120,36
parcel_lag_121,35
parcel_lag_145,35
wtHumi_lag_6,34
parcel_trend_1_24_25_168,34
parcel_lag_97,33
wtHumi_lag_4,32
parcel_trend_1_24_145_168,32
wtTemp_lag_169,32
wtTemp_lag_119,32
parcel_lag_168,31
parcel_168_std,31
parcel_lag_6,29
parcel_lag_2,29
parcel_trend_1_24_25_48,28
wtHumi_lag_71,28
wtHumi_24_std,26
wtRainfall_168_mean,25
parcel_lag_72,25
parcel_lag_120,23
parcel_lag_71,23
wtHumi_168_mean,23
wtHumi_lag_25,22
wtTemp_lag_48,22
parcel_lag_119,21
parcel_trend_1_1_24_24,20
wtHumi_24_mean,20
parcel_lag_23,19
wtTemp_lag_23,19
parcel_lag_144,19
wtTemp_lag_2,16
wtTemp_lag_144,14
wtTemp_lag_73,12
parcel_lag_4,11
wtHumi_168_min,10
wtTemp,9
half,3
