﻿Feature_Name,Feature_Importance
wtTemp_168_mean,49
wtHumi_lag_167,48
wtHumi_lag_47,46
parcel_lag_24,43
parcel_trend_1_1_24_24,34
wtTemp_lag_96,33
parcel_24_mean,32
wtHumi_lag_5,31
wtHumi_lag_144,29
wtHumi_lag_169,27
wtTemp_lag_145,25
wtHumi_lag_23,23
wtHumi_lag_73,23
parcel_lag_1,23
wtHumi_lag_121,23
parcel_trend_1_24_25_48,22
wtHumi_lag_48,22
wtHumi_lag_72,21
wtHumi_lag_96,21
wtTemp_lag_119,21
parcel_trend_1_24_25_168,19
wtHumi_168_std,19
wtHumi_lag_4,18
wtHumi_lag_49,17
wtHumi_lag_168,16
parcel_24_std,16
parcel_168_mean,16
wtHumi_lag_25,16
wtHumi_lag_120,14
parcel_lag_168,14
wtTemp_lag_5,14
wtTemp_168_std,13
wtTemp_24_std,13
wtTemp_lag_47,13
wtHumi,12
wtTemp_lag_144,11
wtHumi_lag_143,11
hour,11
wtHumi_lag_97,11
wtHumi_lag_95,10
parcel_24_max,9
parcel_lag_96,9
wtHumi_168_mean,8
wtTemp_lag_95,8
parcel_lag_48,7
wtHumi_lag_1,7
parcel_lag_72,7
wtHumi_lag_6,6
wtTemp_lag_72,6
wtTemp,6
wtTemp_lag_23,5
wtTemp_lag_71,5
parcel_lag_49,5
wtHumi_lag_24,4
parcel_trend_1_24_145_168,4
wtHumi_lag_71,4
wtHumi_lag_2,4
wtTemp_24_mean,4
wtHumi_lag_145,3
wtTemp_lag_97,3
parcel_lag_120,3
wtHumi_24_std,2
