﻿Feature_Name,Feature_Importance
parcel_trend_1_24_145_168,76
parcel_lag_48,57
parcel_lag_72,55
wtHumi_lag_24,55
wtHumi_lag_4,52
parcel_lag_23,52
wtHumi_lag_167,52
parcel_24_mean,52
wtHumi_lag_119,50
wtHumi_lag_73,50
parcel_lag_24,49
wtHumi_lag_71,47
wtHumi_lag_23,43
parcel_lag_47,42
wtHumi_lag_143,42
parcel_lag_144,41
wtHumi_lag_144,41
wtHumi_lag_6,39
wtHumi_168_std,39
wtHumi_lag_168,39
parcel_trend_1_24_25_168,39
wtTemp_lag_5,38
parcel_lag_1,36
wtHumi_lag_95,36
wtHumi_lag_169,32
wtTemp_lag_72,32
wtHumi_24_std,31
parcel_lag_120,31
wtHumi_lag_120,31
wtTemp_lag_144,30
wtHumi_lag_47,30
wtHumi_lag_49,29
wtTemp_24_std,29
wtHumi_lag_5,29
wtHumi_lag_48,27
wtTemp_lag_6,27
wtTemp_24_mean,27
wtHumi_lag_145,26
wtHumi_lag_121,26
parcel_lag_168,25
parcel_lag_145,25
wtHumi_lag_96,25
parcel_lag_96,23
wtHumi_lag_3,23
parcel_trend_1_1_24_24,22
wtTemp_168_std,21
wtTemp_lag_73,21
wtTemp_168_mean,20
wtTemp_lag_71,20
wtHumi_lag_1,19
hour,18
wtTemp_lag_143,18
parcel_lag_95,17
wtTemp_lag_96,17
wtHumi_168_mean,16
wtHumi_24_mean,15
parcel_lag_25,13
wtHumi_lag_97,12
wtHumi,12
wtTemp_lag_145,10
parcel_lag_71,9
wtTemp_lag_120,4
