﻿Feature_Name,Feature_Importance
wtHumi_lag_144,62
wtHumi_lag_121,54
wtHumi_lag_1,50
wtHumi,50
wtHumi_lag_167,49
wtHumi_lag_96,49
wtHumi_lag_24,48
wtHumi_lag_6,46
wtHumi_lag_143,45
wtHumi_lag_97,44
wtHumi_lag_120,43
parcel_trend_1_1_2_2,42
wtHumi_lag_7,41
wtHumi_lag_72,40
wtHumi_lag_3,40
wtTemp_lag_169,40
wtHumi_lag_73,39
wtHumi_lag_145,38
parcel_trend_1_24_25_168,38
wtHumi_lag_47,36
wtHumi_lag_49,36
wtHumi_lag_25,36
wtHumi_lag_71,35
wtHumi_lag_168,33
parcel_lag_96,32
parcel_lag_144,32
wtHumi_lag_4,32
wtHumi_lag_119,32
wtTemp_lag_121,32
parcel_trend_1_24_25_48,32
wtHumi_24_std,32
wtTemp_168_mean,31
parcel_trend_1_1_24_24,30
wtHumi_lag_2,30
parcel_lag_72,29
parcel_lag_24,29
parcel_lag_49,29
wtHumi_lag_48,28
wtHumi_168_mean,28
wtHumi_lag_169,27
parcel_lag_47,27
parcel_trend_1_24_145_168,27
wtHumi_lag_23,27
parcel_lag_48,26
parcel_lag_73,26
wtHumi_lag_95,25
parcel_lag_168,24
parcel_lag_120,23
wtHumi_168_std,22
wtTemp_lag_71,22
wtTemp_lag_167,21
parcel_lag_1,21
parcel_lag_25,20
wtTemp_lag_1,18
wtTemp_lag_97,16
parcel_lag_97,15
parcel_lag_23,13
parcel_lag_95,13
parcel_lag_145,12
parcel_lag_3,10
parcel_lag_121,10
parcel_lag_71,8
