﻿Feature_Name,Feature_Importance
parcel_lag_24,134
parcel_lag_144,123
parcel_lag_48,103
parcel_lag_120,85
parcel_lag_96,64
parcel_lag_168,63
parcel_lag_121,63
parcel_lag_49,61
parcel_lag_72,53
parcel_lag_6,52
wtHumi_lag_167,52
wtHumi,51
parcel_lag_167,47
wtHumi_lag_71,46
wtHumi_lag_95,44
parcel_lag_25,44
parcel_lag_23,41
parcel_lag_2,39
parcel_lag_143,39
parcel_lag_1,38
parcel_lag_97,38
parcel_trend_1_1_24_24,36
wtHumi_lag_119,36
parcel_lag_95,35
parcel_lag_3,35
wtTemp_168_std,34
wtHumi_lag_144,34
parcel_lag_169,34
wtHumi_lag_168,34
wtHumi_168_std,32
parcel_lag_119,32
wtHumi_24_mean,32
wtHumi_lag_120,31
wtHumi_lag_143,31
parcel_lag_47,30
parcel_lag_5,30
parcel_trend_1_1_2_2,27
wtHumi_lag_169,27
wtHumi_lag_97,25
parcel_lag_71,25
wtHumi_lag_73,24
parcel_lag_145,23
wtHumi_lag_145,19
wtHumi_24_std,18
parcel_trend_1_24_25_168,17
parcel_lag_4,11
