﻿Feature_Name,Feature_Importance
parcel_trend_1_1_24_24,88
parcel_lag_24,72
wtHumi_lag_144,65
parcel_lag_120,58
parcel_lag_72,57
parcel_lag_96,52
parcel_lag_71,51
wtHumi_lag_168,51
wtHumi_lag_23,50
wtHumi_lag_4,46
wtHumi_lag_96,41
wtHumi_lag_169,41
parcel_lag_48,40
wtHumi_lag_121,38
wtTemp_lag_97,35
wtHumi_lag_167,35
wtHumi_lag_49,34
wtTemp_lag_49,34
wtTemp_24_std,33
wtHumi_lag_72,33
wtHumi_lag_7,32
parcel_168_mean,32
parcel_lag_121,30
wtHumi_lag_6,29
parcel_lag_143,29
wtHumi_lag_120,28
wtHumi_168_mean,25
wtTemp_168_mean,25
wtHumi_lag_145,24
wtHumi_lag_24,24
parcel_trend_1_24_25_48,23
wtHumi_24_mean,23
wtHumi_lag_95,22
parcel_lag_2,22
parcel_trend_1_24_25_168,22
wtHumi,22
parcel_24_std,20
hour,20
parcel_lag_169,20
wtHumi_lag_2,19
wtHumi_lag_73,19
wtTemp_lag_1,18
parcel_lag_6,18
wtHumi_24_std,18
wtHumi_168_std,18
parcel_lag_1,17
parcel_lag_3,17
wtTemp_lag_7,17
wtTemp_24_mean,16
parcel_lag_5,15
wtHumi_lag_119,15
wtHumi_lag_48,15
wtTemp_lag_4,14
wtTemp_lag_144,14
parcel_trend_1_1_2_2,14
wtHumi_lag_3,13
parcel_24_max,13
parcel_lag_47,12
parcel_lag_7,10
wtTemp_lag_3,9
wtTemp_lag_169,8
