﻿Feature_Name,Feature_Importance
wtHumi_lag_119,68
wtHumi_lag_143,52
wtHumi_lag_71,45
wtHumi_lag_5,45
wtHumi_lag_167,44
wtHumi_lag_23,44
parcel_lag_144,44
parcel_lag_95,44
parcel_lag_48,42
wtHumi,41
wtHumi_lag_3,39
wtHumi_lag_145,38
wtHumi_lag_144,37
parcel_lag_25,37
wtHumi_lag_48,37
wtHumi_lag_169,37
wtHumi_lag_72,37
wtHumi_lag_95,35
parcel_lag_120,34
parcel_trend_1_24_145_168,34
parcel_trend_1_1_24_24,33
wtHumi_lag_47,33
wtHumi_lag_120,33
hour,32
wtHumi_lag_24,32
wtHumi_lag_121,32
wtHumi_lag_97,32
parcel_168_mean,32
parcel_lag_119,31
wtHumi_lag_49,31
wtHumi_24_std,30
parcel_lag_121,30
parcel_lag_47,28
wtHumi_lag_168,27
parcel_lag_24,27
wtHumi_lag_25,27
parcel_24_std,27
parcel_lag_96,26
parcel_lag_167,26
parcel_trend_1_24_25_168,25
parcel_trend_1_24_25_48,25
wtTemp_lag_168,25
wtTemp_lag_119,24
wtTemp_168_std,24
wtTemp_lag_167,24
parcel_lag_72,22
parcel_lag_97,22
wtTemp_24_std,22
wtHumi_lag_96,21
parcel_trend_1_1_2_2,21
wtHumi_168_std,20
wtHumi_lag_1,20
parcel_lag_1,20
parcel_24_mean,18
wtTemp_lag_144,18
parcel_lag_23,18
parcel_lag_73,17
wtTemp_lag_145,16
parcel_lag_71,12
parcel_lag_169,10
parcel_lag_3,9
wtTemp_lag_97,7
