﻿Feature_Name,Feature_Importance
parcel_lag_24,56
parcel_lag_144,50
parcel_lag_73,38
parcel_lag_1,37
parcel_lag_120,33
parcel_lag_48,32
parcel_trend_1_1_24_24,31
parcel_lag_72,31
parcel_lag_71,30
hour,29
parcel_lag_23,28
wtHumi_lag_119,25
wtHumi_lag_95,24
parcel_lag_49,24
wtHumi_lag_143,23
wtHumi_lag_47,23
parcel_lag_97,21
parcel_lag_96,20
wtHumi_lag_71,20
wtTemp_lag_119,20
parcel_lag_25,20
parcel_lag_168,20
wtHumi_lag_23,19
parcel_trend_1_1_2_2,19
wtHumi_lag_167,17
parcel_lag_95,17
wtHumi_lag_96,17
parcel_lag_167,17
parcel_lag_119,17
parcel_lag_121,16
wtTemp_168_std,16
wtHumi_24_std,15
wtHumi_lag_144,15
wtTemp_lag_71,15
parcel_lag_143,14
wtHumi_lag_120,13
wtTemp_lag_169,13
wtHumi_lag_24,13
wtHumi_168_mean,13
parcel_trend_1_24_25_168,13
wtTemp_lag_47,12
wtTemp_lag_143,12
wtHumi_lag_145,12
wtHumi_lag_72,11
parcel_trend_1_24_145_168,11
parcel_lag_145,11
wtHumi_168_std,11
wtHumi_lag_97,11
wtHumi_lag_169,11
parcel_lag_47,11
parcel_24_max,10
parcel_168_mean,10
wtHumi,9
wtHumi_lag_121,9
wtTemp_lag_95,9
wtHumi_lag_168,8
wtHumi_lag_49,7
wtRainfall_168_mean,7
wtHumi_lag_3,6
parcel_lag_6,6
wtHumi_lag_73,5
wtTemp_168_mean,5
wtTemp_lag_120,5
wtHumi_lag_5,4
wtHumi_168_min,3
wtTemp_24_std,3
parcel_lag_5,2
