﻿Feature_Name,Feature_Importance
parcel_lag_145,115
parcel_trend_1_24_25_168,99
hour,92
wtHumi_lag_144,80
wtHumi_lag_167,77
parcel_lag_23,70
wtHumi_lag_47,68
wtHumi_lag_96,62
parcel_lag_71,59
wtHumi,59
wtHumi_lag_71,55
parcel_lag_169,55
wtHumi_168_mean,54
wtHumi_lag_119,53
wtHumi_lag_145,52
parcel_24_std,51
parcel_lag_96,48
wtHumi_lag_3,45
wtHumi_lag_24,43
parcel_lag_167,43
wtHumi_lag_72,43
parcel_lag_144,37
parcel_lag_121,36
wtHumi_lag_168,35
wtHumi_lag_73,34
parcel_lag_3,31
parcel_trend_1_1_2_2,31
wtHumi_lag_97,31
wtHumi_lag_120,30
wtHumi_lag_48,29
wtTemp_lag_119,27
wtHumi_lag_95,27
wtHumi_lag_121,26
parcel_lag_25,25
wtTemp_lag_145,25
parcel_lag_119,24
parcel_lag_97,22
parcel_lag_72,20
parcel_lag_168,20
wtHumi_lag_169,20
wtHumi_lag_49,18
wtHumi_lag_7,18
parcel_lag_1,17
parcel_trend_1_1_24_24,13
wtHumi_lag_23,12
wtTemp_lag_96,11
wtTemp_lag_169,11
parcel_lag_49,10
parcel_lag_7,8
parcel_lag_120,7
parcel_lag_24,7
parcel_lag_48,6
