﻿Feature_Name,Feature_Importance
parcel_lag_24,28
wtHumi_lag_95,27
wtHumi_lag_167,24
parcel_trend_1_1_2_2,22
parcel_lag_96,21
parcel_lag_167,19
wtTemp_24_std,18
wtHumi_lag_96,18
wtHumi_lag_143,18
parcel_lag_120,17
wtHumi_lag_71,17
wtHumi_lag_144,16
parcel_lag_48,16
parcel_lag_72,16
parcel_trend_1_1_24_24,15
wtHumi_lag_73,15
wtHumi_lag_48,15
wtHumi_lag_169,15
parcel_lag_145,15
parcel_trend_1_24_25_168,15
wtHumi_lag_4,14
wtHumi_lag_119,14
wtHumi_24_std,14
parcel_lag_97,13
parcel_trend_1_24_145_168,13
wtHumi_lag_47,13
parcel_168_mean,12
wtTemp_lag_6,12
wtHumi_lag_2,12
wtHumi_lag_23,11
parcel_lag_144,10
parcel_lag_121,10
wtTemp_lag_119,10
parcel_lag_119,10
parcel_lag_6,10
parcel_24_std,10
wtHumi_lag_72,9
parcel_lag_71,8
wtTemp_lag_48,8
wtTemp_lag_144,8
parcel_lag_169,8
wtTemp_lag_73,8
wtHumi_lag_25,7
wtTemp_lag_71,6
wtTemp_lag_96,6
wtTemp_lag_167,6
parcel_lag_168,5
parcel_lag_1,5
wtTemp_lag_4,4
parcel_lag_25,4
wtTemp_lag_23,4
parcel_lag_73,4
wtTemp_lag_24,4
parcel_lag_95,4
parcel_lag_2,3
wtTemp,3
wtTemp_lag_169,2
parcel_lag_23,1
