﻿Feature_Name,Feature_Importance
parcel_trend_1_24_145_168,77
parcel_trend_1_1_2_2,56
wtHumi_lag_96,53
hour,51
parcel_lag_25,51
wtHumi_lag_71,50
wtHumi_lag_145,49
wtHumi_lag_120,48
wtHumi_lag_119,44
parcel_lag_48,43
wtHumi_lag_24,42
wtHumi_lag_49,42
wtTemp_168_mean,42
wtHumi_lag_121,41
wtHumi,40
parcel_trend_1_1_24_24,40
wtHumi_lag_23,40
parcel_lag_96,39
wtHumi_lag_95,39
wtHumi_lag_25,39
wtHumi_lag_48,38
wtHumi_lag_168,35
parcel_lag_24,35
parcel_lag_71,34
wtHumi_lag_97,34
wtHumi_lag_72,34
wtHumi_lag_167,34
parcel_trend_1_24_25_168,33
wtTemp_24_std,32
wtTemp_lag_97,31
parcel_lag_120,28
wtHumi_168_mean,28
parcel_168_std,27
wtHumi_lag_143,25
wtHumi_lag_7,25
wtTemp_lag_72,25
wtHumi_lag_4,25
wtTemp_lag_96,24
wtHumi_lag_144,23
wtHumi_24_mean,23
parcel_lag_168,21
wtTemp_lag_7,21
parcel_lag_95,21
wtHumi_lag_73,20
parcel_lag_4,20
parcel_lag_169,20
wtHumi_lag_169,20
parcel_lag_5,19
wtHumi_lag_47,18
wtHumi_24_std,18
wtTemp_lag_25,18
parcel_lag_119,18
parcel_lag_143,17
parcel_lag_121,17
wtTemp_lag_71,16
wtTemp_lag_167,16
parcel_lag_144,16
parcel_lag_1,15
wtTemp_lag_144,15
wtTemp_168_std,15
parcel_lag_167,14
wtHumi_lag_3,14
parcel_lag_97,13
parcel_lag_72,13
wtTemp_lag_73,13
