﻿Feature_Name,Feature_Importance
wtHumi_lag_143,55
wtHumi_lag_7,50
wtHumi_lag_25,48
wtHumi_lag_96,47
wtHumi_lag_168,46
wtHumi_lag_167,45
wtHumi_lag_145,44
wtHumi_lag_97,44
wtHumi_lag_120,42
wtHumi_lag_119,42
parcel_trend_1_24_145_168,42
parcel_trend_1_24_25_48,40
wtHumi,38
wtHumi_lag_4,38
wtTemp_24_std,36
wtHumi_lag_169,35
wtHumi_168_std,34
wtHumi_lag_95,33
wtHumi_lag_73,33
wtHumi_lag_144,32
parcel_lag_48,32
wtHumi_lag_23,32
parcel_trend_1_1_2_2,31
parcel_168_mean,31
wtHumi_lag_47,30
wtTemp_lag_5,30
parcel_168_std,30
parcel_lag_167,30
hour,29
wtHumi_lag_48,29
wtTemp_lag_167,27
wtTemp_lag_6,27
parcel_trend_1_1_24_24,26
wtTemp_lag_95,26
wtHumi_24_std,26
parcel_lag_73,25
parcel_lag_24,25
wtHumi_lag_24,24
wtHumi_lag_1,24
parcel_lag_72,24
wtTemp_lag_121,23
wtTemp_168_std,23
wtHumi_lag_2,22
parcel_trend_1_24_25_168,21
wtTemp_lag_143,21
wtHumi_lag_72,21
wtTemp_lag_96,21
parcel_lag_25,21
wtHumi_lag_71,20
parcel_lag_120,20
parcel_24_std,20
wtTemp_lag_145,20
wtTemp_lag_97,20
wtTemp_lag_23,19
parcel_lag_119,18
wtTemp_168_mean,17
parcel_lag_96,17
parcel_24_mean,17
parcel_lag_145,17
wtHumi_lag_6,16
wtHumi_lag_5,15
wtTemp_lag_144,15
wtTemp_lag_73,15
parcel_lag_95,14
parcel_lag_97,13
wtHumi_24_mean,13
wtTemp_lag_168,12
wtHumi_lag_49,11
half,11
parcel_lag_169,11
parcel_lag_71,10
parcel_lag_7,10
