﻿Feature_Name,Feature_Importance
parcel_trend_1_1_24_24,78
wtHumi_lag_49,67
parcel_lag_119,62
parcel_lag_6,62
wtHumi_168_mean,54
wtTemp_lag_71,53
parcel_lag_48,51
parcel_lag_95,49
wtHumi_lag_143,49
parcel_lag_96,48
parcel_lag_24,45
wtTemp_lag_49,45
parcel_trend_1_24_145_168,44
wtHumi_lag_73,39
parcel_lag_47,37
wtHumi_lag_145,37
parcel_lag_1,37
wtHumi_lag_48,37
parcel_lag_72,36
parcel_lag_71,35
parcel_trend_1_24_25_168,33
wtHumi_lag_169,33
wtHumi_lag_97,32
wtTemp_24_mean,32
wtHumi_lag_47,31
wtHumi_lag_2,30
parcel_lag_145,29
wtHumi_lag_167,28
wtTemp_168_std,28
wtTemp_lag_73,27
parcel_lag_168,27
wtHumi_lag_24,27
parcel_24_std,27
parcel_168_mean,27
wtHumi_168_std,25
wtHumi_lag_144,25
wtTemp_lag_48,25
parcel_lag_120,24
wtTemp_lag_47,24
parcel_lag_167,23
wtTemp_168_mean,22
wtHumi_lag_5,22
wtHumi_lag_72,20
wtHumi_lag_7,20
wtHumi_24_mean,19
parcel_lag_143,19
wtHumi,19
parcel_lag_23,18
wtHumi_lag_25,18
wtHumi_lag_95,18
wtHumi_lag_3,18
wtHumi_lag_168,17
parcel_24_mean,16
wtTemp_24_std,16
wtTemp_lag_120,16
parcel_lag_144,15
parcel_24_max,15
wtHumi_lag_120,15
wtTemp_lag_167,15
parcel_lag_169,13
wtHumi_24_std,12
wtTemp_lag_72,11
wtHumi_lag_119,11
wtTemp_lag_119,10
wtHumi_lag_23,9
