﻿Feature_Name,Feature_Importance
hour,82
wtHumi_lag_72,68
parcel_lag_96,65
wtHumi_lag_96,61
wtHumi_lag_144,58
parcel_24_std,51
wtHumi_lag_120,50
wtTemp_24_std,49
parcel_trend_1_24_25_168,48
parcel_lag_167,48
wtHumi_lag_97,46
parcel_lag_73,46
parcel_lag_145,44
parcel_trend_1_24_145_168,43
wtHumi_lag_168,40
parcel_lag_72,39
wtHumi_lag_2,38
parcel_lag_119,35
wtHumi_lag_47,34
parcel_lag_143,34
wtHumi_168_std,34
parcel_lag_24,34
wtHumi_lag_145,33
wtHumi_24_std,33
wtHumi_lag_25,32
wtHumi_lag_169,31
wtHumi_lag_167,31
parcel_trend_1_24_25_48,29
wtHumi_lag_121,29
wtTemp_lag_24,28
wtTemp_lag_169,28
parcel_trend_1_1_24_24,27
wtHumi,26
wtTemp_24_mean,25
wtTemp_168_mean,25
wtHumi_lag_23,25
wtHumi_lag_24,24
wtHumi_lag_73,24
wtTemp_168_std,24
wtHumi_lag_48,23
parcel_lag_3,23
parcel_lag_168,23
wtHumi_lag_71,23
wtHumi_lag_119,23
wtHumi_lag_5,22
wtHumi_lag_7,22
wtHumi_lag_95,21
wtHumi_lag_49,20
parcel_lag_144,20
wtHumi_lag_3,20
parcel_lag_49,20
wtHumi_168_mean,20
parcel_24_mean,19
parcel_lag_97,19
parcel_lag_7,18
parcel_168_mean,18
wtHumi_lag_4,18
wtHumi_lag_143,16
wtHumi_lag_6,15
parcel_lag_2,12
wtTemp_lag_72,12
wtTemp_lag_2,7
