﻿Feature_Name,Feature_Importance
parcel_lag_24,73
parcel_lag_48,64
wtTemp_lag_95,33
wtHumi_lag_23,32
wtHumi,31
wtHumi_lag_95,30
parcel_lag_1,29
wtRainfall_168_mean,27
parcel_24_max,26
parcel_lag_143,26
parcel_trend_1_1_24_24,25
parcel_24_mean,22
parcel_lag_72,22
parcel_lag_23,22
wtHumi_lag_47,22
wtHumi_lag_120,22
wtHumi_lag_96,22
parcel_lag_144,19
wtHumi_lag_71,18
wtTemp_168_std,18
wtHumi_lag_143,17
parcel_lag_120,17
wtTemp_lag_23,17
hour,16
wtHumi_lag_167,15
parcel_trend_1_24_25_168,15
parcel_trend_1_24_25_48,15
wtHumi_lag_119,15
parcel_lag_47,15
parcel_lag_145,15
wtHumi_168_mean,14
parcel_lag_25,14
parcel_lag_49,13
wtHumi_lag_1,13
wtTemp_lag_47,12
wtTemp_lag_72,12
wtTemp_lag_143,12
parcel_trend_1_1_2_2,11
wtHumi_168_min,11
wtTemp_lag_167,10
wtHumi_lag_145,9
parcel_lag_96,8
wtTemp_lag_120,8
parcel_lag_168,8
wtHumi_lag_73,7
parcel_lag_97,7
wtHumi_lag_144,6
wtHumi_lag_24,6
wtHumi_lag_168,6
wtHumi_lag_121,6
parcel_lag_71,6
wtHumi_lag_48,5
wtHumi_lag_72,5
parcel_trend_1_24_145_168,5
