﻿Feature_Name,Feature_Importance
parcel_lag_96,52
parcel_lag_24,51
parcel_lag_48,39
wtHumi_lag_119,30
parcel_lag_168,28
parcel_lag_72,27
parcel_lag_144,27
wtHumi_lag_95,26
parcel_lag_143,26
parcel_trend_1_1_2_2,25
parcel_lag_73,25
wtHumi_lag_71,23
parcel_lag_120,21
wtHumi_lag_47,18
parcel_trend_1_1_24_24,18
wtHumi,16
parcel_lag_71,15
wtHumi_lag_121,15
parcel_lag_23,14
wtTemp_lag_119,12
wtHumi_lag_143,11
wtHumi_lag_167,10
wtHumi_lag_5,10
wtHumi_lag_4,10
wtHumi_lag_144,9
parcel_lag_95,8
wtHumi_lag_23,8
wtHumi_168_mean,8
wtTemp_lag_167,8
wtTemp_lag_120,8
wtHumi_lag_168,7
wtHumi_lag_169,7
wtTemp_24_std,7
wtHumi_24_std,7
parcel_trend_1_24_25_48,7
parcel_lag_4,7
wtHumi_lag_72,6
parcel_lag_1,6
wtHumi_lag_96,6
wtHumi_lag_48,6
wtTemp_lag_96,6
wtHumi_lag_120,6
parcel_lag_2,6
parcel_lag_167,6
parcel_lag_121,6
wtHumi_168_std,5
wtRainfall_lag_7,5
wtRainfall_lag_119,5
parcel_lag_3,4
wtTemp_168_mean,3
parcel_168_mean,3
parcel_trend_1_24_25_168,3
parcel_24_std,3
wtHumi_lag_7,2
parcel_lag_6,2
wtTemp_lag_48,2
wtHumi_24_mean,2
wtHumi_lag_97,2
wtHumi_lag_73,1
wtHumi_lag_145,1
wtTemp_24_mean,1
wtTemp_lag_97,0
parcel_24_max,0
