﻿Feature_Name,Feature_Importance
wtHumi_lag_168,56
parcel_lag_72,56
wtHumi_lag_167,53
wtHumi_lag_24,48
parcel_lag_143,46
wtHumi_lag_23,42
parcel_lag_119,40
parcel_trend_1_1_2_2,39
wtHumi_lag_95,37
wtHumi_lag_169,35
wtHumi_lag_120,33
wtHumi_24_std,32
parcel_trend_1_24_25_168,32
wtHumi_lag_119,31
hour,28
parcel_lag_49,28
parcel_lag_121,27
parcel_lag_169,27
parcel_lag_71,26
parcel_lag_23,25
parcel_trend_1_24_145_168,25
wtTemp_lag_121,25
wtTemp_lag_119,24
wtTemp_lag_48,24
parcel_lag_6,23
wtTemp,23
parcel_lag_96,21
wtHumi_168_mean,21
wtTemp_lag_23,21
parcel_lag_168,21
wtHumi_lag_71,20
wtHumi_lag_73,20
parcel_lag_145,20
wtTemp_lag_144,19
wtHumi_168_std,19
wtTemp_lag_71,18
wtHumi_lag_5,18
wtHumi_lag_49,17
wtHumi_lag_4,16
wtHumi_lag_144,15
parcel_lag_144,15
parcel_lag_120,14
parcel_trend_1_24_25_48,14
parcel_trend_1_1_24_24,13
wtTemp_lag_25,13
wtHumi_lag_25,13
wtHumi_lag_96,12
parcel_lag_25,12
parcel_lag_73,10
parcel_lag_4,10
parcel_24_std,9
wtHumi_lag_72,9
parcel_lag_48,8
wtHumi_lag_6,7
parcel_lag_7,7
wtTemp_lag_73,6
wtHumi_lag_2,5
wtHumi_lag_3,5
parcel_lag_167,5
wtHumi_lag_48,4
wtHumi_lag_121,4
wtTemp_lag_169,4
wtTemp_lag_167,1
wtTemp_24_std,1
