﻿Feature_Name,Feature_Importance
wtHumi_lag_167,78
wtHumi_lag_95,68
wtHumi_lag_121,66
parcel_lag_24,65
wtHumi_lag_72,64
wtHumi_lag_120,62
wtHumi_lag_71,60
wtHumi_lag_47,57
wtHumi_lag_24,57
wtHumi_lag_25,56
wtHumi_lag_143,55
parcel_168_mean,54
parcel_lag_144,52
parcel_lag_96,52
wtHumi_lag_48,52
wtHumi_lag_2,52
parcel_trend_1_24_25_48,52
wtHumi_lag_144,52
parcel_lag_48,49
wtHumi_lag_119,47
parcel_lag_4,46
parcel_lag_49,44
wtHumi_lag_96,44
parcel_trend_1_1_24_24,41
wtHumi_lag_1,40
parcel_lag_121,39
parcel_lag_120,38
parcel_lag_168,38
parcel_24_std,37
parcel_lag_97,36
parcel_lag_3,36
parcel_lag_169,34
wtHumi_lag_97,33
parcel_lag_1,32
wtTemp_lag_1,31
wtHumi_lag_23,30
parcel_trend_1_1_2_2,28
wtTemp_lag_95,27
parcel_lag_72,26
parcel_lag_167,25
parcel_lag_73,23
wtTemp_lag_119,23
parcel_lag_119,21
parcel_lag_71,17
parcel_lag_23,14
day_of_week,12
hour,7
