﻿Feature_Name,Feature_Importance
parcel_lag_96,74
parcel_lag_48,60
parcel_lag_72,60
parcel_lag_1,52
parcel_lag_120,51
wtHumi_lag_169,51
parcel_lag_24,49
wtHumi_lag_144,48
parcel_lag_121,43
parcel_lag_168,42
parcel_lag_97,41
parcel_lag_143,41
wtHumi_lag_143,39
wtHumi,39
parcel_lag_4,36
parcel_lag_144,35
parcel_lag_49,35
wtHumi_lag_145,35
parcel_trend_1_1_2_2,34
wtHumi_lag_25,34
wtHumi_lag_119,33
parcel_lag_119,33
parcel_lag_47,32
wtHumi_lag_95,32
wtHumi_lag_167,31
wtHumi_lag_48,31
wtHumi_lag_72,30
parcel_lag_7,30
wtHumi_lag_1,30
parcel_lag_169,29
parcel_trend_1_1_24_24,29
wtHumi_24_std,26
wtTemp_lag_96,26
parcel_lag_23,25
parcel_lag_25,25
parcel_lag_3,25
wtHumi_lag_120,24
parcel_lag_2,24
parcel_lag_145,23
wtHumi_lag_5,23
wtHumi_lag_24,23
wtHumi_lag_97,23
parcel_lag_167,23
parcel_lag_6,22
wtTemp_24_std,22
wtHumi_168_std,22
wtHumi_lag_168,21
wtHumi_lag_71,21
parcel_lag_71,20
wtTemp_lag_119,20
parcel_trend_1_24_145_168,19
parcel_168_mean,19
parcel_lag_5,17
wtHumi_168_mean,17
wtHumi_lag_73,17
parcel_trend_1_24_25_168,16
wtHumi_24_mean,15
wtHumi_lag_47,14
wtTemp_168_std,14
wtHumi_lag_49,14
wtTemp,12
wtTemp_lag_169,12
wtTemp_lag_95,10
