﻿Feature_Name,Feature_Importance
parcel_lag_24,125
wtHumi_lag_119,118
parcel_lag_4,108
wtHumi_lag_47,93
hour,90
wtHumi_lag_49,85
parcel_lag_71,80
parcel_lag_47,69
wtHumi_lag_3,58
wtHumi_lag_143,54
wtHumi_lag_1,52
wtHumi_lag_120,52
wtHumi_lag_73,49
parcel_trend_1_1_2_2,48
wtHumi_lag_23,47
wtHumi_24_std,46
wtHumi_lag_169,44
wtTemp_168_std,41
wtHumi_lag_71,40
wtHumi_lag_168,40
parcel_lag_167,39
parcel_lag_169,38
parcel_lag_168,38
parcel_lag_145,35
wtHumi,34
wtHumi_24_mean,34
wtHumi_168_mean,33
parcel_lag_120,32
parcel_lag_119,31
wtHumi_lag_48,31
wtHumi_lag_121,31
parcel_24_std,30
wtTemp_lag_25,30
wtHumi_lag_25,22
parcel_lag_3,22
wtHumi_lag_167,22
parcel_lag_144,21
wtTemp_lag_167,20
wtTemp_lag_1,18
parcel_lag_2,17
wtHumi_lag_24,16
parcel_lag_73,14
parcel_lag_23,12
parcel_lag_121,10
