﻿Feature_Name,Feature_Importance
wtHumi_lag_119,58
parcel_lag_120,57
parcel_lag_72,56
wtHumi_lag_72,56
wtHumi_lag_145,52
wtHumi_lag_96,52
parcel_trend_1_1_24_24,51
parcel_lag_167,51
wtHumi_lag_71,50
wtHumi_lag_47,44
wtHumi,44
wtHumi_lag_97,41
wtHumi_lag_167,37
wtHumi_lag_5,37
wtHumi_lag_168,37
parcel_lag_144,36
parcel_lag_168,36
wtHumi_lag_48,35
parcel_lag_96,35
parcel_lag_48,33
parcel_24_mean,33
wtHumi_lag_120,32
wtTemp_lag_71,32
wtHumi_lag_23,32
wtHumi_lag_144,30
parcel_24_std,28
wtHumi_lag_121,28
hour,27
parcel_lag_1,27
parcel_lag_25,27
parcel_trend_1_24_145_168,27
parcel_trend_1_24_25_48,27
parcel_lag_24,26
wtTemp_lag_120,23
parcel_trend_1_24_25_168,21
parcel_lag_145,20
wtTemp_lag_47,19
wtTemp_lag_72,19
parcel_lag_97,19
wtTemp_lag_169,16
parcel_168_std,15
parcel_lag_143,12
is_weekend,11
wtRainfall_lag_23,8
day_of_week,5
