﻿Feature_Name,Feature_Importance
hour,132
parcel_lag_47,98
wtHumi_lag_23,87
wtHumi_lag_49,86
wtHumi_168_mean,79
wtHumi_lag_1,76
wtHumi_168_std,71
parcel_lag_71,68
wtTemp_lag_145,59
wtHumi_lag_96,56
wtHumi_lag_24,54
parcel_lag_169,54
wtHumi_lag_144,48
wtHumi_lag_145,42
parcel_lag_95,40
wtTemp_lag_96,39
parcel_24_std,39
parcel_lag_96,37
wtHumi_lag_25,37
wtHumi_lag_143,36
wtHumi_lag_119,36
wtHumi_lag_168,36
parcel_lag_48,33
wtTemp_lag_95,33
wtHumi_lag_47,31
wtHumi_lag_72,31
wtHumi_lag_48,31
wtTemp_24_std,31
wtHumi_lag_167,31
wtHumi_lag_71,29
wtTemp_lag_121,29
wtHumi_lag_95,29
wtHumi_lag_169,25
parcel_lag_120,25
wtTemp_lag_144,25
parcel_lag_168,24
parcel_lag_145,24
wtHumi_lag_121,19
parcel_lag_73,17
parcel_trend_1_24_25_48,17
wtHumi_lag_120,16
wtTemp_lag_169,16
parcel_lag_72,15
parcel_trend_1_24_145_168,15
wtHumi,14
parcel_lag_24,13
parcel_lag_121,13
wtHumi_lag_73,12
wtHumi_lag_97,11
wtTemp_lag_72,9
parcel_trend_1_1_24_24,8
wtTemp_lag_168,8
wtTemp_lag_143,6
parcel_lag_167,3
parcel_lag_1,2
parcel_lag_144,1
