﻿Feature_Name,Feature_Importance
parcel_trend_1_24_25_168,83
wtHumi_lag_97,75
parcel_lag_120,68
wtHumi_lag_167,64
wtHumi_lag_95,64
wtHumi_lag_168,62
wtHumi_lag_144,61
wtHumi_lag_73,57
wtHumi_lag_24,57
wtHumi_lag_145,57
wtHumi_lag_121,57
wtHumi_lag_120,54
wtHumi_lag_169,53
parcel_lag_48,51
parcel_lag_96,51
parcel_lag_144,51
wtHumi_lag_143,50
wtHumi_lag_47,47
wtHumi_lag_23,42
wtHumi_lag_48,42
wtHumi_lag_119,40
parcel_trend_1_24_145_168,38
parcel_lag_95,36
wtTemp_lag_145,36
parcel_lag_24,35
parcel_trend_1_1_2_2,35
parcel_trend_1_1_24_24,33
wtHumi_lag_25,33
wtHumi_lag_72,32
wtHumi_lag_7,29
wtHumi_lag_49,29
wtHumi_lag_5,29
parcel_lag_47,27
wtHumi_lag_2,26
wtHumi_168_mean,26
wtTemp_lag_95,25
parcel_lag_5,25
wtHumi_24_mean,25
parcel_lag_145,23
parcel_lag_23,23
parcel_lag_121,22
wtTemp_lag_49,22
wtHumi_lag_71,20
wtTemp_168_std,19
wtHumi_24_std,19
wtHumi_lag_3,18
parcel_lag_72,17
wtTemp_lag_167,17
wtTemp_lag_73,16
wtTemp_lag_119,15
wtTemp_168_mean,12
wtTemp_24_std,11
parcel_lag_2,4
