﻿Feature_Name,Feature_Importance
wtHumi_lag_143,70
wtHumi_lag_47,62
wtHumi_lag_71,56
wtHumi_lag_167,56
wtHumi_lag_119,56
wtHumi_lag_95,51
parcel_lag_1,46
parcel_lag_72,45
parcel_lag_144,45
wtHumi_lag_48,45
parcel_lag_48,43
parcel_lag_145,41
wtHumi_lag_23,40
wtHumi_lag_72,39
wtHumi_lag_73,39
parcel_trend_1_1_24_24,38
parcel_lag_24,35
wtHumi_lag_168,34
parcel_lag_6,34
parcel_trend_1_1_2_2,33
parcel_trend_1_24_25_168,33
wtHumi_lag_96,33
parcel_lag_73,33
wtHumi,32
parcel_lag_119,31
parcel_lag_97,31
wtTemp_lag_47,29
parcel_168_std,28
parcel_168_mean,27
parcel_lag_120,26
wtHumi_lag_1,26
wtHumi_lag_3,26
parcel_lag_7,26
hour,26
parcel_lag_96,25
parcel_trend_1_24_25_48,25
wtTemp_lag_119,25
wtTemp_lag_143,25
wtHumi_lag_6,24
parcel_lag_168,24
wtHumi_24_mean,24
wtHumi_lag_120,23
parcel_lag_71,23
wtHumi_lag_169,22
wtHumi_24_std,22
parcel_lag_95,21
wtHumi_lag_24,21
parcel_lag_167,21
parcel_lag_49,20
parcel_lag_143,19
parcel_lag_121,19
wtHumi_lag_121,19
wtHumi_lag_144,18
wtHumi_lag_97,18
wtTemp_lag_95,18
wtTemp,18
parcel_lag_169,17
wtHumi_lag_145,17
parcel_lag_5,15
parcel_trend_1_24_145_168,15
parcel_lag_23,15
wtHumi_lag_25,14
parcel_lag_47,14
wtTemp_24_mean,14
wtHumi_168_mean,13
wtTemp_lag_71,12
wtTemp_lag_5,10
wtTemp_lag_145,9
wtTemp_lag_144,8
