﻿Feature_Name,Feature_Importance
parcel_lag_2,32
parcel_lag_24,31
parcel_lag_6,30
parcel_lag_72,30
parcel_lag_95,29
parcel_lag_144,26
parcel_lag_48,25
parcel_trend_1_24_145_168,23
wtHumi_lag_167,23
parcel_lag_120,22
parcel_trend_1_1_2_2,21
parcel_trend_1_24_25_48,20
parcel_lag_168,18
parcel_trend_1_1_24_24,18
parcel_lag_96,18
wtTemp_168_std,18
wtTemp_24_std,17
parcel_lag_145,16
wtHumi_lag_143,16
parcel_168_mean,16
wtHumi_lag_95,16
parcel_lag_1,15
parcel_trend_1_24_25_168,15
wtTemp_lag_47,15
wtHumi_168_mean,14
parcel_lag_23,14
parcel_lag_121,14
wtHumi_lag_24,14
wtHumi_lag_47,13
wtHumi_lag_23,13
wtHumi_lag_1,13
wtHumi_lag_6,13
parcel_lag_97,12
wtHumi_lag_119,12
parcel_lag_167,12
wtHumi_lag_145,11
wtHumi_lag_120,11
wtHumi_168_std,11
parcel_lag_71,11
parcel_lag_7,10
parcel_lag_73,8
wtHumi_lag_169,8
wtHumi_lag_71,7
wtHumi_lag_3,7
hour,7
wtHumi_lag_72,6
wtHumi_lag_168,5
parcel_lag_119,5
wtHumi_lag_144,5
wtHumi_lag_96,3
parcel_lag_49,2
