﻿Feature_Name,Feature_Importance
wtHumi_lag_23,61
wtHumi_lag_169,61
parcel_trend_1_24_25_48,60
wtHumi_lag_119,59
wtHumi_lag_167,52
wtHumi_24_std,48
wtHumi_lag_49,47
wtHumi_lag_168,46
wtHumi_lag_143,46
wtTemp_lag_169,45
wtHumi_lag_6,44
wtHumi_lag_25,44
wtHumi_lag_73,44
wtHumi_lag_48,43
wtHumi_lag_7,42
parcel_24_std,41
wtHumi,41
wtHumi_lag_5,41
wtHumi_lag_121,40
wtTemp_168_mean,39
wtHumi_lag_47,37
wtTemp_lag_167,36
parcel_lag_169,35
parcel_trend_1_24_25_168,34
wtHumi_lag_71,34
wtTemp_lag_4,32
wtHumi_lag_4,32
wtTemp_lag_145,32
wtHumi_lag_96,31
parcel_lag_71,31
wtTemp_lag_168,31
wtTemp_lag_95,31
parcel_168_mean,29
wtHumi_lag_144,29
parcel_lag_4,27
wtHumi_168_mean,26
hour,26
wtHumi_168_std,26
wtTemp_lag_6,26
wtHumi_lag_97,25
wtHumi_24_max,24
wtTemp_lag_119,24
parcel_trend_1_24_145_168,24
parcel_trend_1_1_24_24,22
wtHumi_lag_2,22
wtTemp_lag_144,22
parcel_24_max,22
wtTemp_lag_2,21
wtTemp,21
wtTemp_lag_25,20
wtTemp_lag_48,20
wtTemp_24_std,18
wtTemp_168_std,16
parcel_lag_25,15
parcel_lag_119,15
wtTemp_lag_121,14
wtTemp_lag_73,13
wtTemp_lag_96,13
wtTemp_lag_23,11
