﻿Feature_Name,Feature_Importance
parcel_lag_48,126
parcel_lag_96,87
parcel_lag_24,75
parcel_lag_72,51
parcel_lag_168,42
parcel_lag_144,40
wtHumi_168_std,34
parcel_lag_49,31
parcel_trend_1_1_24_24,30
parcel_lag_120,29
parcel_lag_23,29
wtHumi_lag_97,29
hour,28
parcel_lag_121,27
parcel_lag_1,27
wtHumi_lag_143,25
wtHumi_lag_167,25
parcel_lag_167,22
parcel_trend_1_24_25_168,21
parcel_lag_25,21
parcel_lag_73,21
parcel_trend_1_24_145_168,20
wtHumi_lag_120,20
wtHumi_lag_145,19
wtHumi_lag_49,18
wtHumi_lag_48,17
parcel_lag_143,17
wtRainfall_168_std,17
parcel_lag_7,16
parcel_lag_145,16
wtHumi_lag_119,15
parcel_lag_119,15
parcel_lag_47,15
wtHumi_168_mean,14
parcel_lag_4,14
wtHumi_lag_47,14
wtHumi_lag_23,13
parcel_168_mean,13
parcel_lag_3,12
parcel_lag_169,12
wtHumi_lag_144,11
parcel_trend_1_24_25_48,11
wtHumi_lag_169,11
parcel_lag_6,10
wtHumi_lag_25,10
parcel_lag_97,9
wtHumi_lag_2,9
wtHumi_lag_95,8
wtHumi_24_mean,8
wtHumi,6
wtTemp_lag_47,6
wtHumi_lag_72,6
wtTemp_lag_49,3
