﻿Feature_Name,Feature_Importance
wtHumi_lag_120,67
wtHumi_lag_143,64
wtTemp_lag_144,61
parcel_trend_1_24_145_168,60
wtHumi_lag_6,55
wtHumi_lag_119,54
wtHumi_lag_48,52
wtHumi_lag_95,50
wtHumi_24_std,46
wtHumi_lag_49,45
wtTemp_lag_47,45
wtHumi_lag_144,43
wtHumi_lag_167,41
wtHumi_lag_121,41
wtHumi,39
wtHumi_lag_73,39
wtHumi_lag_168,38
wtHumi_lag_24,38
wtHumi_lag_145,38
wtHumi_lag_23,38
parcel_lag_144,38
wtHumi_lag_97,36
wtTemp_lag_169,36
wtHumi_168_mean,35
wtHumi_lag_72,32
parcel_lag_168,31
wtHumi_lag_47,29
wtTemp_lag_167,29
parcel_trend_1_24_25_168,29
wtTemp_lag_119,29
wtHumi_24_mean,29
wtHumi_lag_96,28
wtTemp_lag_23,28
wtHumi_lag_71,27
parcel_trend_1_1_24_24,27
wtTemp_lag_95,27
parcel_168_mean,27
parcel_168_std,24
parcel_lag_121,24
wtHumi_lag_25,24
wtTemp_lag_71,23
wtHumi_lag_1,21
parcel_lag_5,21
parcel_lag_24,20
wtHumi_168_std,20
parcel_lag_1,19
parcel_lag_48,19
wtHumi_lag_169,18
parcel_lag_72,18
parcel_lag_120,18
hour,17
parcel_lag_96,17
wtTemp_lag_120,16
wtHumi_lag_7,16
wtHumi_lag_3,15
parcel_lag_97,15
parcel_lag_4,14
parcel_lag_49,13
parcel_lag_3,12
parcel_trend_1_1_2_2,9
wtTemp_lag_7,8
parcel_lag_7,7
half,6
parcel_lag_145,5
