﻿Feature_Name,Feature_Importance
parcel_lag_48,93
parcel_lag_144,80
wtHumi_lag_95,79
wtHumi_lag_144,76
parcel_lag_25,62
parcel_trend_1_24_25_168,59
parcel_lag_168,58
wtHumi_lag_71,57
parcel_trend_1_24_25_48,56
parcel_lag_7,44
parcel_lag_49,43
wtTemp_168_mean,40
parcel_lag_24,35
wtHumi_lag_5,34
wtHumi_lag_143,32
wtHumi_lag_49,32
parcel_lag_3,32
parcel_24_mean,31
parcel_lag_72,30
wtHumi_lag_168,30
wtHumi_lag_96,30
parcel_lag_5,28
parcel_lag_95,27
parcel_lag_121,27
parcel_lag_6,27
wtHumi_lag_6,27
parcel_trend_1_24_145_168,27
wtHumi_lag_48,27
parcel_168_std,27
wtHumi_lag_167,26
parcel_lag_169,26
wtHumi_lag_119,25
parcel_lag_167,25
parcel_lag_73,25
wtHumi_lag_23,25
parcel_lag_145,24
parcel_lag_96,23
parcel_lag_120,20
parcel_lag_23,20
wtTemp_lag_121,20
parcel_trend_1_1_2_2,19
wtTemp_lag_119,19
parcel_lag_4,18
wtTemp_lag_23,18
wtHumi_lag_4,18
wtHumi_168_std,17
wtHumi,17
parcel_lag_97,16
wtHumi_lag_47,15
parcel_lag_71,15
parcel_lag_2,15
wtTemp_24_std,15
wtTemp_24_mean,15
wtHumi_lag_145,14
wtHumi_lag_120,12
parcel_trend_1_1_24_24,10
parcel_lag_119,10
wtTemp_lag_4,10
parcel_lag_47,9
wtHumi_168_mean,9
parcel_168_mean,9
wtHumi_lag_2,9
hour,8
parcel_lag_1,7
wtHumi_lag_3,6
wtTemp,2
