﻿Feature_Name,Feature_Importance
parcel_lag_144,101
wtHumi_lag_144,90
parcel_lag_23,80
wtHumi_lag_25,79
wtHumi_lag_95,79
parcel_lag_72,65
parcel_lag_169,61
wtHumi_lag_71,55
parcel_lag_6,51
parcel_trend_1_1_24_24,51
parcel_trend_1_24_25_168,51
parcel_lag_168,50
wtHumi_lag_72,50
parcel_lag_24,42
parcel_lag_145,40
parcel_trend_1_24_145_168,38
parcel_lag_97,37
wtHumi_lag_167,35
parcel_lag_48,33
parcel_trend_1_1_2_2,31
parcel_168_mean,29
wtTemp_lag_167,28
parcel_lag_2,27
wtHumi_lag_23,26
wtHumi_24_std,26
parcel_lag_167,25
parcel_lag_73,21
wtHumi_lag_119,20
parcel_lag_1,20
parcel_lag_143,20
parcel_lag_120,19
parcel_lag_121,19
parcel_lag_49,19
wtTemp_168_mean,19
wtHumi_lag_96,17
wtRainfall_24_std,17
wtTemp_lag_71,16
wtHumi_lag_48,15
wtHumi_lag_73,14
parcel_lag_5,14
wtTemp_lag_73,14
parcel_lag_71,13
parcel_trend_1_24_25_48,13
wtHumi_lag_169,13
wtTemp_lag_144,13
parcel_lag_7,13
parcel_lag_96,12
parcel_lag_25,12
wtTemp_lag_23,12
wtTemp_lag_169,11
wtTemp_lag_119,10
wtHumi_lag_2,10
parcel_lag_119,9
wtTemp_lag_48,8
wtTemp_lag_96,7
half,6
parcel_lag_4,4
wtTemp_lag_4,4
