﻿Feature_Name,Feature_Importance
parcel_trend_1_1_24_24,54
wtHumi_lag_168,41
parcel_trend_1_24_25_168,40
parcel_168_std,39
parcel_lag_71,39
parcel_lag_1,39
wtHumi_lag_71,39
wtHumi_lag_23,38
wtHumi_lag_145,38
parcel_168_mean,37
wtHumi_lag_72,36
wtHumi_lag_143,34
parcel_lag_48,33
parcel_lag_96,33
wtHumi_lag_167,33
parcel_lag_24,32
wtHumi_lag_144,32
parcel_lag_143,32
wtHumi_lag_119,32
wtHumi_24_std,31
parcel_lag_120,29
parcel_lag_23,29
wtHumi_lag_3,29
wtHumi_lag_95,28
wtHumi_lag_1,28
wtHumi_lag_47,27
wtHumi_lag_24,27
parcel_lag_49,26
parcel_lag_144,26
wtTemp_lag_143,26
wtHumi_lag_97,26
parcel_lag_72,25
wtTemp_lag_24,24
wtHumi_lag_73,23
parcel_trend_1_24_145_168,23
wtHumi_lag_49,23
wtHumi_lag_121,22
parcel_lag_73,22
wtHumi_lag_48,21
parcel_trend_1_1_2_2,21
parcel_lag_6,21
parcel_lag_145,20
wtHumi_lag_25,20
parcel_lag_168,20
wtTemp_lag_120,19
wtTemp_lag_119,19
parcel_lag_95,18
wtTemp_lag_47,18
parcel_lag_121,17
wtHumi_lag_120,17
parcel_lag_2,17
parcel_lag_169,16
parcel_lag_167,15
wtHumi_lag_96,14
parcel_lag_47,14
hour,13
parcel_lag_25,10
wtTemp_lag_72,8
wtHumi_lag_5,6
