﻿Feature_Name,Feature_Importance
wtHumi_lag_73,62
wtHumi,60
wtHumi_lag_25,58
parcel_lag_72,55
parcel_lag_144,52
wtHumi_lag_97,52
wtHumi_lag_121,50
wtHumi_lag_145,49
parcel_lag_48,48
wtTemp_lag_168,48
wtHumi_lag_96,47
wtHumi_lag_167,45
parcel_lag_121,43
parcel_lag_96,42
wtHumi_lag_24,39
parcel_trend_1_1_24_24,39
wtHumi_lag_47,38
wtHumi_lag_168,38
wtHumi_lag_72,36
wtHumi_lag_120,36
parcel_lag_120,35
parcel_lag_24,35
wtHumi_lag_1,35
wtHumi_lag_71,35
wtHumi_lag_144,35
parcel_trend_1_24_145_168,34
parcel_lag_1,32
wtTemp_lag_167,32
parcel_lag_25,31
wtHumi_lag_3,31
wtHumi_lag_48,30
wtTemp_lag_97,30
parcel_lag_119,30
wtTemp_lag_121,30
parcel_lag_73,30
parcel_lag_169,29
parcel_lag_47,29
wtHumi_lag_2,28
wtHumi_24_mean,28
parcel_trend_1_1_2_2,27
parcel_lag_49,27
parcel_trend_1_24_25_168,27
wtHumi_lag_23,27
wtHumi_lag_49,26
parcel_lag_167,25
parcel_lag_168,25
wtHumi_lag_143,25
wtTemp_lag_25,24
parcel_lag_23,24
wtHumi_lag_7,24
parcel_lag_97,23
wtTemp_lag_120,23
wtHumi_lag_169,22
parcel_lag_145,21
wtHumi_lag_4,19
wtTemp_lag_1,18
wtTemp_lag_49,17
wtTemp,12
wtTemp_lag_169,12
