﻿Feature_Name,Feature_Importance
parcel_lag_96,91
parcel_lag_144,80
parcel_lag_168,64
parcel_lag_48,59
parcel_lag_97,57
parcel_lag_120,52
parcel_lag_72,51
parcel_lag_24,50
parcel_lag_4,46
wtHumi_lag_72,45
parcel_lag_6,45
wtHumi_lag_144,42
wtHumi_lag_48,40
wtHumi_lag_96,40
parcel_lag_1,38
wtHumi_lag_143,38
parcel_lag_121,36
parcel_lag_49,35
wtHumi_lag_71,35
parcel_lag_95,33
parcel_lag_145,32
wtHumi_lag_167,32
parcel_lag_3,32
wtHumi_lag_73,32
parcel_lag_7,32
wtHumi,30
parcel_lag_73,30
wtHumi_lag_95,29
wtHumi_lag_168,28
parcel_lag_169,28
wtHumi_lag_24,28
wtHumi_lag_1,28
wtHumi_lag_119,28
parcel_trend_1_24_145_168,26
parcel_lag_119,26
wtHumi_lag_23,26
wtHumi_lag_49,25
wtHumi_24_mean,24
wtHumi_lag_120,23
parcel_lag_23,23
parcel_lag_25,23
wtHumi_lag_169,23
parcel_lag_5,23
parcel_lag_47,21
wtHumi_lag_3,21
wtHumi_168_std,21
parcel_trend_1_1_2_2,21
parcel_trend_1_1_24_24,20
parcel_lag_167,19
wtHumi_lag_47,18
parcel_trend_1_24_25_168,17
wtTemp_lag_47,16
wtHumi_lag_97,16
wtHumi_lag_121,15
parcel_lag_143,14
hour,12
parcel_lag_71,10
wtTemp_lag_143,9
