﻿Feature_Name,Feature_Importance
parcel_trend_1_1_24_24,74
wtHumi_lag_119,70
parcel_lag_24,69
parcel_lag_48,69
wtHumi_lag_95,67
wtHumi_lag_47,63
wtHumi_lag_167,62
wtHumi_lag_143,56
parcel_lag_168,52
parcel_lag_144,51
wtHumi_lag_5,49
wtHumi_lag_71,47
wtHumi_lag_144,44
wtHumi_lag_168,42
wtHumi_168_mean,42
wtHumi_lag_23,42
wtHumi_lag_48,42
wtHumi_lag_169,42
parcel_168_std,41
wtHumi_lag_120,40
parcel_lag_73,38
parcel_trend_1_24_25_168,38
wtHumi_lag_49,38
parcel_24_std,35
parcel_lag_23,35
parcel_lag_167,35
parcel_lag_120,34
parcel_lag_119,33
parcel_168_mean,33
wtHumi_lag_24,31
wtTemp_lag_47,28
parcel_lag_96,26
parcel_lag_71,25
wtTemp_lag_23,25
wtHumi_lag_72,24
parcel_lag_143,23
wtTemp_lag_2,20
parcel_trend_1_24_25_48,18
wtTemp_lag_121,18
wtTemp_lag_71,17
parcel_trend_1_1_2_2,16
parcel_lag_49,15
is_weekend,15
parcel_lag_121,14
wtHumi_168_std,13
wtTemp_lag_119,13
parcel_24_max,8
