﻿Feature_Name,Feature_Importance
wtTemp_168_mean,59
parcel_lag_23,42
wtHumi_lag_48,41
wtHumi_lag_144,39
wtTemp_lag_121,38
parcel_lag_144,36
wtTemp_lag_119,36
wtHumi_lag_73,35
wtHumi_lag_25,34
parcel_168_mean,33
wtTemp_lag_73,33
wtHumi_lag_145,32
wtHumi_lag_121,32
wtHumi_lag_119,30
wtTemp_lag_95,29
wtRainfall_168_mean,28
parcel_trend_1_24_25_48,28
wtHumi_lag_168,27
wtTemp_lag_97,24
wtHumi_lag_120,23
wtHumi_lag_6,22
wtTemp_lag_7,22
wtHumi_lag_72,21
wtTemp_lag_143,21
wtHumi_168_std,21
parcel_lag_24,19
wtHumi_lag_167,19
parcel_lag_25,19
wtTemp_lag_49,19
wtHumi_lag_2,19
wtTemp_24_max,19
wtTemp_lag_120,18
wtHumi_lag_47,17
parcel_lag_96,15
parcel_lag_168,15
parcel_24_std,15
wtHumi_lag_143,15
wtHumi_lag_49,13
wtTemp_lag_144,13
parcel_trend_1_24_145_168,13
parcel_trend_1_1_24_24,12
parcel_24_max,12
wtHumi_lag_97,11
parcel_lag_48,11
parcel_lag_120,11
wtHumi_lag_5,11
wtTemp_lag_6,11
parcel_lag_1,11
wtTemp_lag_2,11
parcel_lag_72,10
wtTemp_24_mean,10
wtHumi_lag_1,10
wtHumi_lag_71,10
wtTemp_lag_25,10
parcel_168_std,9
wtTemp_lag_5,9
wtHumi_lag_23,9
wtHumi_lag_95,9
wtTemp_lag_168,9
parcel_lag_73,8
wtRainfall_168_std,8
parcel_lag_119,8
wtTemp_lag_167,8
parcel_lag_47,8
wtTemp_24_min,8
wtTemp_lag_145,8
wtHumi_lag_3,8
wtHumi_lag_169,7
wtTemp_168_std,7
parcel_lag_143,7
parcel_trend_1_24_25_168,7
wtTemp_24_std,7
wtTemp_lag_169,7
wtHumi_lag_96,7
parcel_24_mean,7
wtHumi,7
parcel_lag_121,7
wtTemp_lag_1,7
wtRainfall_lag_24,7
parcel_lag_145,7
wtTemp_lag_48,7
hour,6
wtTemp_168_min,6
wtHumi_lag_24,6
wtTemp_lag_96,6
parcel_trend_1_1_2_2,6
wtHumi_168_min,6
wtHumi_24_std,6
wtHumi_lag_4,5
wtHumi_168_mean,5
parcel_lag_4,5
parcel_lag_169,5
wtTemp_lag_71,5
wtTemp_lag_4,5
wtHumi_24_mean,5
wtRainfall_lag_145,5
parcel_lag_95,4
parcel_lag_5,4
wtRainfall_168_max,4
wtHumi_24_min,4
half,4
wtRainfall_24_std,4
parcel_lag_71,3
wtTemp_lag_72,3
parcel_lag_49,3
wtRainfall_lag_121,3
wtRainfall_lag_120,3
parcel_lag_167,3
wtHumi_lag_7,2
wtTemp_168_max,2
wtTemp_lag_3,2
parcel_lag_97,2
wtHumi_24_max,2
wtTemp_lag_47,2
wtRainfall_lag_167,1
wtTemp_lag_24,1
wtRainfall_lag_71,1
parcel_168_max,1
wtRainfall_lag_144,1
wtRainfall_lag_2,0
wtRainfall_lag_48,0
