﻿Feature_Name,Feature_Importance
parcel_lag_24,83
parcel_lag_144,62
parcel_lag_96,62
parcel_lag_168,58
parcel_lag_95,53
parcel_lag_48,51
parcel_lag_120,49
parcel_lag_97,44
parcel_lag_119,41
parcel_lag_1,41
parcel_lag_25,40
parcel_lag_23,40
parcel_lag_145,37
parcel_lag_2,35
wtHumi_lag_169,35
parcel_lag_73,33
wtHumi_lag_144,33
parcel_lag_121,33
parcel_trend_1_1_2_2,29
wtHumi_168_mean,29
wtHumi_lag_71,29
wtHumi_lag_48,28
parcel_lag_167,28
wtHumi_lag_97,27
wtTemp_168_mean,26
parcel_trend_1_1_24_24,25
parcel_lag_6,24
wtHumi_lag_2,24
wtHumi_lag_167,23
wtHumi_lag_73,23
parcel_lag_71,22
parcel_lag_169,21
wtHumi_lag_145,21
wtHumi_lag_96,20
wtHumi_lag_119,19
wtHumi_lag_6,19
parcel_trend_1_24_25_168,19
wtHumi_lag_47,19
wtTemp_lag_3,19
wtTemp_lag_169,18
parcel_trend_1_24_145_168,18
parcel_lag_4,17
wtTemp_lag_145,17
wtTemp_24_std,16
wtHumi_24_std,16
parcel_24_std,15
hour,15
wtHumi,14
parcel_168_mean,13
wtTemp,13
wtTemp_lag_73,13
wtHumi_lag_7,12
wtHumi_lag_121,11
wtTemp_lag_2,10
wtTemp_lag_96,9
wtTemp_lag_167,8
wtTemp_lag_119,8
wtTemp_lag_71,8
wtHumi_24_max,7
wtHumi_lag_4,6
wtTemp_lag_121,6
wtTemp_lag_4,6
