﻿Feature_Name,Feature_Importance
parcel_trend_1_1_24_24,81
hour,72
wtHumi_lag_120,64
parcel_lag_49,63
parcel_lag_1,59
parcel_lag_96,58
wtHumi_lag_144,53
parcel_lag_48,52
wtHumi_lag_73,51
parcel_trend_1_24_145_168,51
parcel_lag_168,50
parcel_168_mean,49
wtHumi_lag_96,49
wtHumi_lag_167,48
parcel_trend_1_24_25_168,47
wtHumi,46
wtHumi_lag_121,46
parcel_lag_72,45
wtHumi_lag_23,45
wtHumi_lag_48,42
wtHumi_lag_4,42
parcel_lag_120,41
wtHumi_168_mean,39
wtHumi_lag_49,38
parcel_trend_1_1_2_2,37
parcel_lag_169,34
wtTemp_lag_97,34
wtHumi_lag_24,33
wtHumi_lag_169,32
wtHumi_lag_25,31
wtHumi_lag_119,31
wtHumi_lag_72,30
wtHumi_lag_168,30
parcel_24_std,30
parcel_lag_121,29
parcel_lag_143,29
parcel_trend_1_24_25_48,29
parcel_lag_144,27
wtHumi_lag_3,27
wtHumi_lag_145,25
wtHumi_lag_71,24
wtTemp_lag_73,23
parcel_lag_145,23
parcel_lag_95,22
parcel_lag_73,21
wtHumi_lag_97,21
wtHumi_lag_1,20
parcel_lag_25,20
parcel_lag_167,20
parcel_lag_23,17
parcel_lag_47,16
parcel_lag_24,10
wtTemp_lag_1,9
parcel_lag_2,9
wtRainfall_lag_120,3
