﻿Feature_Name,Feature_Importance
wtHumi_lag_47,56
wtHumi_lag_143,48
wtHumi_lag_167,47
wtHumi_lag_1,47
wtTemp_lag_97,46
wtHumi_lag_6,46
wtHumi_lag_96,43
wtTemp_168_std,42
wtHumi_lag_73,41
wtHumi_lag_2,41
wtHumi_lag_48,40
parcel_168_std,39
wtTemp_lag_145,37
parcel_trend_1_24_25_168,37
wtHumi_lag_121,36
wtHumi_lag_72,35
parcel_lag_48,35
wtHumi_lag_145,35
wtTemp,35
parcel_lag_169,34
wtHumi_lag_71,34
wtHumi_168_std,34
wtTemp_lag_72,33
wtHumi_lag_95,33
wtHumi_lag_24,32
wtHumi_lag_119,32
parcel_lag_24,32
wtHumi_lag_25,32
wtHumi_lag_168,31
wtHumi_lag_97,31
parcel_lag_120,31
wtHumi_168_mean,31
wtHumi,30
wtTemp_lag_169,30
wtHumi_lag_169,28
wtHumi_lag_120,27
wtTemp_lag_120,27
parcel_lag_72,27
parcel_lag_96,26
wtHumi_lag_144,25
parcel_trend_1_24_145_168,25
parcel_trend_1_1_2_2,24
wtTemp_lag_121,24
parcel_lag_143,24
wtHumi_24_std,24
wtTemp_lag_119,24
parcel_trend_1_24_25_48,24
parcel_lag_167,23
parcel_trend_1_1_24_24,22
parcel_lag_121,22
wtHumi_lag_5,22
hour,21
wtHumi_lag_23,21
parcel_lag_23,21
parcel_lag_145,20
wtHumi_lag_49,19
wtTemp_lag_143,18
wtHumi_lag_4,17
parcel_lag_144,16
wtTemp_lag_47,16
wtTemp_lag_167,14
wtHumi_24_mean,14
wtTemp_24_std,13
wtTemp_lag_48,11
parcel_lag_1,9
wtTemp_lag_96,9
parcel_lag_71,5
