﻿Feature_Name,Feature_Importance
parcel_lag_168,88
wtHumi_lag_145,83
parcel_lag_144,83
parcel_lag_6,77
parcel_lag_24,68
wtHumi_lag_121,68
parcel_lag_169,62
parcel_lag_48,62
wtHumi_lag_49,57
parcel_lag_145,54
wtHumi_lag_48,54
parcel_lag_3,50
parcel_lag_7,49
parcel_trend_1_1_2_2,47
wtHumi_168_std,45
parcel_lag_97,45
wtHumi_lag_96,45
wtHumi_lag_120,42
parcel_lag_1,41
wtHumi,41
wtHumi_lag_119,41
parcel_lag_4,41
parcel_trend_1_1_24_24,40
parcel_lag_120,40
wtHumi_168_mean,40
wtHumi_lag_71,39
wtHumi_lag_168,39
parcel_lag_49,38
parcel_lag_2,37
wtHumi_lag_24,35
hour,34
wtHumi_lag_143,34
parcel_lag_96,34
wtTemp_lag_95,34
wtHumi_lag_73,32
wtHumi_lag_72,31
wtTemp_lag_96,30
wtHumi_lag_167,28
is_weekend,25
wtTemp_lag_168,24
parcel_lag_119,22
wtHumi_lag_2,20
wtHumi_lag_4,17
wtHumi_lag_3,15
wtTemp_lag_48,14
wtHumi_24_std,13
