﻿Feature_Name,Feature_Importance
hour,106
wtHumi_lag_1,99
parcel_lag_1,89
parcel_trend_1_1_2_2,66
wtHumi_lag_23,60
parcel_lag_96,53
parcel_trend_1_24_25_168,49
wtHumi_lag_144,49
parcel_lag_144,46
parcel_lag_23,45
parcel_lag_24,42
parcel_trend_1_24_25_48,41
parcel_lag_49,40
parcel_lag_145,39
wtHumi_168_std,38
wtTemp_lag_2,37
parcel_lag_169,35
parcel_lag_48,34
wtHumi_lag_72,33
parcel_trend_1_1_24_24,33
wtHumi_lag_97,31
parcel_lag_6,30
wtHumi_lag_119,30
wtHumi,30
wtHumi_lag_2,29
wtTemp_24_std,29
parcel_168_mean,29
wtHumi_lag_169,28
parcel_trend_1_24_145_168,26
parcel_lag_120,25
wtHumi_lag_145,25
parcel_lag_72,25
wtHumi_24_std,25
wtHumi_lag_167,23
wtTemp_lag_97,22
parcel_lag_143,22
wtHumi_lag_71,21
parcel_lag_25,20
parcel_lag_47,20
parcel_lag_121,18
wtHumi_lag_121,18
wtHumi_lag_95,15
parcel_lag_2,15
wtHumi_lag_73,15
wtTemp_168_std,13
wtHumi_lag_49,12
parcel_lag_97,12
wtHumi_lag_143,12
wtTemp_lag_1,12
wtTemp_lag_145,8
wtTemp_lag_23,3
