﻿Feature_Name,Feature_Importance
parcel_lag_6,78
wtHumi_lag_96,74
parcel_lag_120,69
wtHumi_lag_95,69
parcel_lag_24,57
parcel_lag_96,56
wtHumi_lag_48,54
parcel_lag_72,52
wtHumi_lag_119,50
parcel_trend_1_24_25_48,48
wtHumi_lag_143,48
parcel_trend_1_1_2_2,47
parcel_lag_49,47
wtHumi_lag_47,47
parcel_trend_1_24_145_168,47
parcel_lag_47,43
wtHumi,43
wtHumi_lag_49,43
wtTemp_lag_119,41
wtHumi_lag_73,41
parcel_lag_167,40
parcel_trend_1_1_24_24,39
parcel_lag_121,39
wtHumi_lag_2,39
wtHumi_lag_72,38
parcel_lag_119,38
wtTemp_lag_121,34
wtHumi_lag_7,34
wtTemp_lag_95,34
parcel_lag_48,33
parcel_lag_73,32
wtHumi_lag_1,32
parcel_lag_144,31
wtHumi_24_std,31
wtHumi_lag_5,30
parcel_lag_169,29
wtTemp_lag_25,29
wtTemp_lag_71,28
hour,27
parcel_lag_168,27
wtHumi_lag_6,27
wtTemp_lag_1,26
parcel_lag_2,26
wtTemp_168_std,26
wtHumi_lag_120,26
parcel_lag_25,24
wtHumi_lag_4,23
wtTemp_lag_120,23
wtHumi_168_std,19
