﻿Feature_Name,Feature_Importance
wtHumi_lag_95,29
parcel_lag_72,26
hour,26
parcel_trend_1_1_24_24,24
parcel_lag_48,22
parcel_lag_120,22
wtHumi_lag_47,21
wtHumi_lag_144,21
wtHumi_lag_120,21
wtHumi_lag_1,21
wtHumi_lag_48,20
parcel_lag_121,19
parcel_lag_25,19
wtHumi_lag_96,17
wtHumi_lag_72,16
wtHumi_lag_23,16
wtHumi_lag_25,16
wtTemp,15
parcel_trend_1_24_25_48,15
wtHumi_lag_121,15
wtHumi_lag_24,13
parcel_lag_23,13
wtTemp_lag_168,13
wtHumi,12
wtHumi_lag_168,12
wtHumi_lag_145,12
parcel_168_std,12
parcel_lag_96,12
wtTemp_lag_96,12
wtTemp_lag_169,11
wtHumi_lag_143,10
wtTemp_lag_120,10
wtHumi_lag_97,10
wtHumi_lag_167,9
wtHumi_lag_119,9
wtHumi_lag_6,9
parcel_trend_1_24_25_168,8
wtHumi_lag_71,8
wtHumi_lag_73,8
wtHumi_lag_49,8
wtHumi_168_std,8
wtTemp_lag_25,7
wtTemp_168_std,7
wtTemp_24_std,7
wtHumi_lag_169,6
parcel_168_mean,6
wtTemp_lag_47,6
wtTemp_lag_71,6
wtTemp_lag_121,6
wtTemp_lag_167,6
wtTemp_168_mean,5
wtTemp_lag_72,5
wtHumi_lag_5,5
wtTemp_lag_143,5
parcel_lag_143,5
wtHumi_lag_2,5
wtHumi_24_mean,4
wtHumi_168_mean,4
wtHumi_lag_3,4
wtHumi_lag_4,3
wtTemp_lag_48,3
wtHumi_24_std,2
wtTemp_lag_6,2
wtTemp_lag_23,2
