﻿Feature_Name,Feature_Importance
parcel_lag_48,27
parcel_trend_1_1_24_24,24
wtHumi_lag_168,22
parcel_lag_120,18
parcel_lag_24,18
parcel_trend_1_1_2_2,17
parcel_lag_96,17
parcel_lag_145,17
wtHumi_lag_72,17
parcel_trend_1_24_25_48,16
parcel_lag_72,16
parcel_trend_1_24_145_168,16
wtHumi_lag_48,15
wtTemp_lag_121,15
parcel_lag_169,14
wtHumi_lag_121,14
wtHumi_lag_120,14
wtHumi_lag_3,14
parcel_lag_6,13
wtHumi_168_mean,13
parcel_trend_1_24_25_168,12
wtHumi_lag_71,12
parcel_lag_168,12
wtHumi_lag_24,12
wtHumi_lag_73,11
wtHumi_lag_96,11
parcel_lag_121,11
wtHumi_lag_6,11
wtTemp_168_mean,11
parcel_24_std,11
wtHumi_lag_144,10
wtHumi_lag_169,10
parcel_lag_71,10
parcel_168_mean,10
parcel_lag_5,10
wtHumi_lag_47,10
parcel_24_mean,10
parcel_lag_25,10
wtHumi_lag_119,9
parcel_lag_97,9
parcel_lag_4,9
parcel_lag_73,9
wtHumi_lag_2,8
wtHumi_lag_25,7
wtTemp_lag_169,7
wtHumi_lag_167,7
parcel_lag_47,7
wtHumi_lag_23,6
wtTemp_24_std,6
wtTemp_lag_73,6
wtHumi_lag_4,6
wtTemp_lag_119,6
wtTemp_lag_144,6
wtTemp_lag_25,6
parcel_lag_23,6
parcel_lag_119,6
parcel_lag_144,5
wtHumi_24_std,5
wtTemp_lag_48,4
parcel_lag_2,4
wtTemp,4
wtTemp_lag_71,4
wtTemp_lag_24,2
