﻿Feature_Name,Feature_Importance
parcel_lag_72,67
wtHumi_lag_7,66
parcel_lag_24,65
wtHumi_lag_47,65
wtTemp_168_std,64
wtHumi_lag_71,61
wtHumi_lag_168,61
parcel_trend_1_24_145_168,55
parcel_trend_1_1_24_24,53
wtHumi_lag_95,53
hour,52
parcel_lag_48,52
parcel_lag_1,48
parcel_lag_4,48
wtHumi_lag_96,47
wtHumi_lag_143,47
wtHumi_lag_169,47
wtHumi_lag_119,44
wtHumi,43
wtHumi_lag_73,43
parcel_trend_1_24_25_168,43
parcel_lag_23,40
parcel_lag_49,40
wtTemp_lag_167,40
wtHumi_lag_167,40
parcel_lag_96,38
wtHumi_lag_25,38
wtHumi_lag_121,36
parcel_trend_1_24_25_48,35
parcel_lag_145,34
wtTemp_lag_25,34
parcel_lag_97,33
wtHumi_lag_144,32
parcel_24_mean,31
parcel_lag_121,31
parcel_lag_167,31
parcel_lag_144,29
wtTemp_lag_72,29
wtHumi_lag_2,29
parcel_lag_2,26
wtHumi_168_min,25
wtHumi_lag_97,25
wtTemp_lag_119,25
parcel_168_mean,25
parcel_trend_1_1_2_2,23
parcel_lag_120,21
parcel_lag_168,20
wtTemp_lag_143,20
parcel_lag_25,15
