﻿Feature_Name,Feature_Importance
parcel_lag_120,80
parcel_lag_97,72
parcel_lag_24,67
parcel_lag_96,60
parcel_lag_72,56
parcel_lag_1,56
parcel_lag_144,52
parcel_lag_121,52
parcel_lag_169,52
parcel_lag_48,48
parcel_lag_168,46
parcel_lag_143,45
parcel_lag_145,43
parcel_lag_25,43
wtHumi_lag_145,42
parcel_trend_1_24_145_168,41
wtHumi_lag_48,40
parcel_trend_1_1_24_24,39
parcel_lag_95,39
parcel_lag_2,38
wtHumi_lag_3,38
wtHumi_lag_120,36
wtHumi_lag_72,34
hour,33
wtHumi_168_std,33
parcel_lag_47,32
wtHumi_lag_169,32
parcel_lag_71,31
parcel_24_std,31
parcel_lag_3,28
parcel_lag_4,27
wtHumi_lag_1,27
wtHumi_lag_24,26
wtHumi_lag_97,25
wtHumi_lag_144,25
wtTemp_lag_120,24
wtTemp_24_std,24
parcel_trend_1_24_25_168,24
wtTemp_lag_7,23
parcel_lag_119,23
wtTemp_lag_169,22
parcel_lag_167,22
wtHumi_lag_49,21
parcel_24_max,20
wtHumi_lag_4,18
wtTemp_lag_3,16
wtTemp_lag_119,16
wtTemp_lag_168,15
