﻿Feature_Name,Feature_Importance
parcel_trend_1_24_25_168,49
wtHumi_lag_73,44
wtTemp_lag_1,41
wtTemp_lag_121,36
parcel_lag_167,35
wtHumi_lag_1,34
parcel_trend_1_1_24_24,33
wtTemp_168_mean,31
parcel_lag_144,31
wtTemp_lag_73,31
parcel_lag_119,31
wtHumi_lag_23,27
wtTemp,26
wtHumi_lag_48,25
wtHumi_lag_47,24
wtHumi_lag_6,23
wtTemp_lag_72,23
wtHumi_168_mean,22
wtTemp_lag_145,22
wtTemp_lag_144,21
parcel_lag_96,20
parcel_lag_121,20
wtHumi_lag_169,19
wtHumi_lag_167,19
parcel_lag_23,19
wtHumi_lag_144,17
parcel_lag_143,17
wtTemp_lag_71,17
parcel_lag_120,17
parcel_lag_73,15
parcel_lag_168,14
wtHumi,13
parcel_lag_48,12
wtTemp_lag_119,11
wtTemp_lag_169,11
wtHumi_lag_2,11
wtHumi_lag_72,11
parcel_lag_6,10
parcel_lag_169,10
wtHumi_168_min,10
parcel_lag_2,10
wtHumi_lag_71,10
wtTemp_168_std,10
wtHumi_lag_119,9
parcel_lag_97,9
parcel_lag_71,8
wtHumi_lag_96,8
wtTemp_lag_48,7
wtHumi_lag_121,6
wtRainfall_24_std,6
parcel_trend_1_24_145_168,5
wtHumi_lag_4,5
parcel_lag_25,4
parcel_trend_1_1_2_2,4
wtTemp_lag_23,4
wtTemp_lag_4,4
wtTemp_lag_96,4
parcel_168_mean,3
wtHumi_lag_143,3
wtTemp_24_std,2
wtHumi_24_std,2
parcel_lag_7,1
