﻿Feature_Name,Feature_Importance
parcel_lag_96,110
parcel_lag_48,84
wtHumi_lag_169,55
parcel_lag_72,52
parcel_lag_120,49
parcel_lag_6,48
hour,47
parcel_lag_24,44
parcel_lag_169,41
wtHumi_lag_95,39
wtHumi_lag_23,39
parcel_lag_97,38
wtTemp_lag_95,38
wtHumi_lag_71,34
wtHumi_lag_7,34
parcel_lag_144,34
wtHumi_lag_97,33
parcel_lag_49,33
wtHumi_lag_48,30
parcel_lag_145,30
wtHumi_lag_120,28
parcel_lag_2,26
parcel_trend_1_24_25_48,26
parcel_lag_23,24
wtTemp_168_mean,22
wtHumi_lag_96,22
wtTemp_168_std,21
wtHumi_lag_167,21
parcel_lag_121,20
parcel_lag_168,20
wtHumi_lag_121,20
wtTemp_lag_167,20
wtHumi_24_mean,19
wtHumi_lag_1,19
parcel_lag_95,19
wtTemp_24_std,17
parcel_trend_1_1_2_2,17
parcel_trend_1_1_24_24,17
wtTemp_24_mean,17
parcel_lag_167,16
wtTemp_lag_71,16
wtHumi,15
parcel_lag_1,15
parcel_24_std,15
parcel_trend_1_24_145_168,14
wtHumi_lag_143,13
wtHumi_lag_2,13
parcel_lag_119,13
parcel_lag_71,13
wtTemp_lag_119,13
wtHumi_lag_168,12
parcel_lag_3,11
parcel_trend_1_24_25_168,10
parcel_lag_5,10
wtHumi_168_std,9
wtHumi_lag_145,9
wtHumi_lag_47,9
wtHumi_lag_5,8
wtHumi_24_std,7
parcel_lag_7,6
