﻿Feature_Name,Feature_Importance
wtHumi_lag_72,70
wtHumi_lag_168,63
parcel_lag_24,61
wtHumi_168_std,61
parcel_trend_1_1_24_24,60
parcel_lag_72,57
wtHumi_lag_73,56
parcel_lag_120,51
wtHumi_lag_120,49
wtHumi_lag_48,46
hour,43
wtHumi_lag_144,38
wtHumi_lag_71,38
wtHumi_lag_96,38
parcel_trend_1_24_25_168,37
wtHumi_lag_119,37
parcel_lag_48,34
wtHumi_lag_169,33
parcel_lag_47,33
parcel_24_std,32
parcel_168_std,32
wtHumi_lag_7,32
wtHumi_lag_1,32
parcel_trend_1_24_145_168,31
parcel_trend_1_1_2_2,30
wtHumi_lag_49,29
wtHumi_lag_167,29
parcel_lag_119,28
wtTemp_lag_169,28
wtHumi,28
wtTemp_168_mean,28
wtHumi_lag_121,28
wtHumi_lag_47,28
parcel_24_mean,28
wtHumi_lag_24,27
wtTemp_lag_5,27
parcel_lag_96,25
wtHumi_lag_145,25
parcel_lag_144,23
parcel_168_mean,22
parcel_trend_1_24_25_48,22
wtTemp_24_std,22
wtTemp_168_std,22
wtTemp_168_max,21
wtTemp_lag_25,21
wtHumi_lag_95,19
wtHumi_lag_25,19
wtHumi_lag_23,18
wtTemp_lag_168,18
wtHumi_lag_5,18
wtHumi_lag_4,17
wtHumi_24_std,17
wtTemp_lag_95,16
wtHumi_lag_97,15
parcel_lag_23,15
parcel_lag_145,15
wtTemp_lag_97,14
wtTemp_lag_96,11
wtHumi_168_mean,10
parcel_24_max,10
wtTemp_lag_144,9
wtTemp_lag_119,8
parcel_lag_167,5
