﻿Feature_Name,Feature_Importance
parcel_lag_84,73
parcel_lag_24,69
parcel_lag_6,60
parcel_lag_12,59
parcel_12_mean,47
parcel_lag_1,47
parcel_lag_48,45
parcel_lag_72,43
hour,42
parcel_lag_3,41
wtHumi_24_std,41
parcel_84_mean,40
parcel_lag_36,39
wtWins_24_mean,35
wtAqi_168_std,34
parcel_lag_60,33
wtHumi_lag_6,32
wtAqi_lag_6,32
wtHumi_lag_1,29
parcel_12_std,29
wtTemp_168_mean,28
wtWins_lag_1,24
wtWins,24
wtAqi_lag_1,24
wtHumi_168_mean,23
parcel_12_max,22
wtHumi_168_std,21
wtHumi,19
wtWins_24_max,16
wtWins_lag_6,16
